fold,accuracy,auc,f1_score,g_mean,train_time,num_features,selected_features
1,0.8571428571428571,0.8365384615384616,0.855026455026455,0.8320502943378437,0.39361095428466797,16,"[1, 4, 11, 12, 21, 22, 24, 28, 43, 45, 46, 47, 49, 52, 53, 54]"
2,0.6190476190476191,0.6442307692307692,0.6225108225108226,0.6354889093022426,0.3397786617279053,7,"[1, 11, 12, 47, 49, 51, 52]"
3,0.7619047619047619,0.7777777777777778,0.7619047619047619,0.769800358919501,0.3556835651397705,9,"[4, 11, 12, 21, 22, 28, 46, 49, 52]"
4,0.8095238095238095,0.8090909090909091,0.8095238095238095,0.8090398349558906,0.37199974060058594,8,"[4, 11, 12, 21, 22, 47, 49, 52]"
5,0.6666666666666666,0.6818181818181819,0.6320987654320986,0.6030226891555273,0.3429999351501465,9,"[4, 11, 12, 22, 43, 44, 47, 49, 52]"
6,0.8571428571428571,0.8214285714285715,0.8541114058355438,0.8144110179279558,0.3359999656677246,8,"[1, 11, 12, 45, 47, 49, 51, 52]"
7,0.7142857142857143,0.7227272727272727,0.7063492063492063,0.7006490497453707,0.3737611770629883,12,"[4, 11, 12, 21, 22, 43, 45, 47, 48, 49, 51, 52]"
8,0.6190476190476191,0.6527777777777777,0.6031746031746033,0.6085806194501846,0.33559083938598633,7,"[5, 11, 12, 47, 49, 51, 52]"
9,0.75,0.7525252525252525,0.7506265664160401,0.7521014330903549,0.3379995822906494,7,"[11, 12, 21, 44, 47, 49, 52]"
10,0.75,0.7291666666666667,0.7466666666666667,0.7216878364870323,0.370999813079834,7,"[1, 11, 12, 47, 49, 51, 52]"
