fold,accuracy,auc,f1_score,g_mean,train_time,num_features,selected_features
1,0.8771929824561403,0.857469512195122,0.8782956268336385,0.8562894997120268,1.272524356842041,15,"[2, 4, 6, 7, 8, 9, 11, 18, 21, 22, 23, 24, 26, 28, 29]"
2,0.8596491228070176,0.8804054054054054,0.8626104904204245,0.8776504260070009,1.2674517631530762,11,"[2, 4, 6, 7, 11, 21, 22, 23, 24, 26, 27]"
3,0.8771929824561403,0.9102564102564102,0.8811350354267589,0.9058216273156766,1.2547852993011475,13,"[4, 6, 7, 9, 11, 17, 18, 21, 22, 23, 26, 27, 28]"
4,0.8070175438596491,0.7948529411764705,0.8110817584501795,0.7942810289445269,1.2290093898773193,10,"[2, 4, 6, 7, 11, 21, 22, 23, 26, 27]"
5,0.8596491228070176,0.8661764705882352,0.863342566943675,0.8660254037844386,1.3655176162719727,10,"[2, 4, 6, 7, 11, 21, 22, 23, 26, 28]"
6,0.8070175438596491,0.8030690537084398,0.807630381129069,0.802808369894322,1.1970782279968262,10,"[2, 4, 7, 11, 21, 22, 23, 26, 27, 28]"
7,0.8596491228070176,0.8819930069930071,0.8676722293538726,0.8810356271024323,1.2221300601959229,5,"[4, 21, 22, 23, 27]"
8,0.8070175438596491,0.810625,0.8077338412533034,0.8100925873009825,1.2243998050689697,12,"[2, 3, 4, 7, 11, 21, 22, 23, 24, 26, 27, 28]"
9,0.8070175438596491,0.8101023017902814,0.8084717287724806,0.80994458463467,1.2512381076812744,13,"[1, 6, 7, 8, 9, 11, 18, 21, 22, 23, 24, 26, 28]"
10,0.8928571428571429,0.8875,0.8946347769877183,0.8874119674649424,1.2343254089355469,10,"[2, 4, 6, 7, 11, 21, 22, 23, 26, 27]"
