fold,accuracy,auc,f1_score,g_mean,train_time,num_features,selected_features
1,0.7619047619047619,0.7596153846153846,0.7641456582633053,0.75955452531275,0.18008136749267578,14,"[1, 4, 11, 12, 20, 22, 27, 29, 44, 46, 49, 52, 58, 59]"
2,0.6666666666666666,0.6826923076923077,0.6712433257055682,0.6793662204867574,0.18461251258850098,14,"[1, 4, 12, 21, 22, 26, 27, 29, 33, 45, 49, 51, 52, 59]"
3,0.8571428571428571,0.875,0.8571428571428571,0.8660254037844386,0.08999991416931152,14,"[4, 11, 12, 21, 23, 27, 29, 43, 45, 47, 48, 49, 52, 54]"
4,0.8571428571428571,0.8545454545454545,0.8564890487087284,0.8528028654224418,0.12983250617980957,14,"[1, 11, 12, 20, 21, 23, 27, 29, 45, 47, 48, 51, 52, 59]"
5,0.6190476190476191,0.6318181818181818,0.5915750915750916,0.5720775535473553,0.19367003440856934,14,"[1, 4, 11, 21, 22, 28, 29, 39, 43, 44, 47, 48, 52, 54]"
6,0.7619047619047619,0.7857142857142858,0.7686274509803921,0.7824607964359516,0.17400121688842773,14,"[1, 4, 11, 12, 21, 22, 27, 28, 29, 45, 49, 51, 52, 59]"
7,0.8095238095238095,0.8136363636363636,0.8086580086580087,0.8090398349558905,0.18878984451293945,14,"[1, 11, 12, 21, 23, 27, 29, 39, 44, 47, 48, 51, 52, 59]"
8,0.6666666666666666,0.6805555555555554,0.6666666666666666,0.6735753140545634,0.14500021934509277,14,"[4, 11, 12, 20, 22, 23, 27, 29, 45, 49, 52, 54, 59, 60]"
9,0.8,0.8080808080808081,0.8,0.8040302522073697,0.2235889434814453,14,"[1, 11, 12, 21, 23, 27, 29, 39, 43, 44, 48, 52, 58, 59]"
10,0.6,0.625,0.6,0.6123724356957945,0.1400446891784668,14,"[1, 4, 11, 12, 21, 23, 27, 29, 39, 44, 48, 49, 52, 59]"
