fold,accuracy,auc,f1_score,g_mean,train_time,num_features,selected_features
1,0.6190476190476191,0.6136363636363636,0.6666666666666666,0.6030226891555273,0.11852025985717773,2,"[np.int64(2), np.int64(12)]"
2,0.8095238095238095,0.8214285714285714,0.8461538461538461,0.8206518066482897,0.10699987411499023,2,"[np.int64(2), np.int64(12)]"
3,0.6666666666666666,0.6944444444444444,0.6956521739130435,0.6666666666666666,0.1185920238494873,2,"[np.int64(2), np.int64(12)]"
4,0.6666666666666666,0.7067307692307692,0.6666666666666666,0.6864064729836441,0.0969994068145752,2,"[np.int64(12), np.int64(48)]"
5,0.7619047619047619,0.7681818181818181,0.782608695652174,0.7567874686642695,0.17300081253051758,2,"[np.int64(2), np.int64(12)]"
6,0.6190476190476191,0.6136363636363636,0.6666666666666666,0.6030226891555273,0.10884284973144531,2,"[np.int64(2), np.int64(12)]"
7,0.6190476190476191,0.5961538461538461,0.6923076923076923,0.5883484054145521,0.09866714477539062,2,"[np.int64(12), np.int64(48)]"
8,0.6190476190476191,0.6318181818181818,0.6923076923076923,0.5720775535473553,0.10257482528686523,2,"[np.int64(2), np.int64(12)]"
9,0.7,0.7083333333333334,0.7272727272727273,0.7071067811865476,0.10017585754394531,2,"[np.int64(12), np.int64(48)]"
10,0.7,0.6875,0.75,0.6846531968814576,0.10361456871032715,2,"[np.int64(12), np.int64(48)]"
