fold,accuracy,auc,f1_score,g_mean,train_time,num_features,selected_features
1,0.8095238095238095,0.7740384615384615,0.8027210884353742,0.75955452531275,1.322244644165039,6,"[4, 12, 21, 28, 46, 49]"
2,0.7619047619047619,0.7596153846153846,0.7641456582633053,0.75955452531275,1.2426254749298096,6,"[4, 12, 22, 29, 45, 51]"
3,0.7619047619047619,0.7777777777777778,0.7619047619047619,0.769800358919501,0.24699997901916504,6,"[4, 12, 21, 28, 46, 49]"
4,0.8095238095238095,0.8090909090909091,0.8095238095238095,0.8090398349558906,0.3190629482269287,6,"[11, 21, 27, 29, 47, 52]"
5,0.6666666666666666,0.6818181818181819,0.6320987654320986,0.6030226891555273,0.25504374504089355,6,"[4, 11, 22, 28, 47, 52]"
6,0.7142857142857143,0.6785714285714285,0.7142857142857143,0.6700593942604899,0.4995870590209961,6,"[1, 12, 22, 28, 45, 51]"
7,0.6666666666666666,0.6727272727272727,0.662090007627765,0.6605782590758164,1.447004795074463,6,"[12, 21, 28, 44, 47, 51]"
8,0.6190476190476191,0.6527777777777777,0.6031746031746033,0.6085806194501846,0.386000394821167,6,"[4, 12, 21, 28, 49, 52]"
9,0.8,0.8080808080808081,0.8,0.8040302522073697,1.1225910186767578,6,"[12, 21, 28, 48, 52, 58]"
10,0.6,0.625,0.6,0.6123724356957945,1.2455613613128662,6,"[4, 11, 21, 28, 44, 47]"
