fold,accuracy,auc,f1_score,g_mean,train_time,num_features,selected_features
1,0.8095238095238095,0.8,0.8003663003663003,0.7745966692414834,0.42418956756591797,6,"[4, 12, 21, 28, 47, 49]"
2,0.5238095238095238,0.5318181818181819,0.5105820105820106,0.504524979109513,0.4383394718170166,6,"[4, 11, 21, 27, 29, 47]"
3,0.5714285714285714,0.5590909090909092,0.5396825396825397,0.4954336943068623,0.5177001953125,6,"[5, 11, 21, 29, 47, 52]"
4,0.7142857142857143,0.7227272727272727,0.7063492063492063,0.7006490497453707,0.43956899642944336,6,"[4, 12, 21, 28, 45, 51]"
5,0.42857142857142855,0.4409090909090909,0.3873626373626373,0.35675303400633784,0.2968432903289795,6,"[1, 12, 21, 27, 49, 52]"
6,0.8095238095238095,0.8136363636363637,0.8086580086580087,0.8090398349558905,1.302196741104126,6,"[4, 12, 21, 27, 45, 49]"
7,0.9047619047619048,0.9,0.9034391534391534,0.8944271909999159,0.2968418598175049,6,"[4, 12, 21, 28, 45, 49]"
8,0.8095238095238095,0.8055555555555556,0.8095238095238095,0.8050764858994133,0.4905705451965332,6,"[4, 12, 21, 28, 49, 52]"
9,0.6,0.5858585858585859,0.5916666666666666,0.5685352436149611,0.48226022720336914,6,"[1, 12, 22, 28, 49, 51]"
10,0.8,0.7979797979797981,0.8,0.7977240352174657,0.36148929595947266,6,"[4, 11, 20, 22, 28, 47]"
