fold,accuracy,auc,f1_score,g_mean,train_time,num_features,selected_features
1,0.7222222222222222,0.75,0.708994708994709,0.7071067811865476,0.9186530113220215,9,"[np.int64(1), np.int64(3), np.int64(4), np.int64(5), np.int64(7), np.int64(8), np.int64(11), np.int64(18), np.int64(33)]"
2,0.7714285714285715,0.7237762237762237,0.7601731601731603,0.6996502622814412,0.9170002937316895,9,"[np.int64(1), np.int64(3), np.int64(5), np.int64(7), np.int64(8), np.int64(12), np.int64(18), np.int64(25), np.int64(33)]"
3,0.7428571428571429,0.7166666666666666,0.7314285714285714,0.6928203230275509,0.9516751766204834,9,"[np.int64(1), np.int64(3), np.int64(4), np.int64(5), np.int64(7), np.int64(9), np.int64(14), np.int64(31), np.int64(33)]"
4,0.6,0.575,0.5874125874125874,0.5477225575051662,0.9184529781341553,9,"[np.int64(1), np.int64(3), np.int64(5), np.int64(6), np.int64(7), np.int64(8), np.int64(14), np.int64(18), np.int64(31)]"
5,0.6857142857142857,0.6661184210526316,0.6661587301587302,0.6256575488404601,0.9139995574951172,9,"[np.int64(1), np.int64(3), np.int64(4), np.int64(5), np.int64(7), np.int64(9), np.int64(14), np.int64(31), np.int64(33)]"
6,0.7428571428571429,0.6699999999999999,0.738611233967271,0.648074069840786,0.9193084239959717,9,"[np.int64(1), np.int64(3), np.int64(4), np.int64(5), np.int64(7), np.int64(9), np.int64(14), np.int64(16), np.int64(33)]"
7,0.7428571428571429,0.7666666666666666,0.7399087399087401,0.7483314773547882,0.9180002212524414,9,"[np.int64(1), np.int64(3), np.int64(5), np.int64(7), np.int64(8), np.int64(12), np.int64(14), np.int64(18), np.int64(33)]"
8,0.9142857142857143,0.9,0.9125138427464009,0.8944271909999159,0.9246032238006592,9,"[np.int64(1), np.int64(3), np.int64(5), np.int64(6), np.int64(7), np.int64(8), np.int64(9), np.int64(18), np.int64(33)]"
9,0.8285714285714286,0.76,0.8223443223443222,0.7429670248402684,0.9240000247955322,9,"[np.int64(1), np.int64(4), np.int64(5), np.int64(6), np.int64(7), np.int64(9), np.int64(14), np.int64(18), np.int64(31)]"
10,0.8,0.7619047619047619,0.7888991674375578,0.7377111135633174,0.9506235122680664,9,"[np.int64(1), np.int64(3), np.int64(4), np.int64(5), np.int64(7), np.int64(8), np.int64(14), np.int64(16), np.int64(33)]"
