fold,accuracy,auc,f1_score,g_mean,train_time,num_features,selected_features
1,0.75,0.775,0.7411487018095988,0.7416198487095663,1.061002492904663,2,"[np.int64(1), np.int64(5)]"
2,0.8285714285714286,0.8006993006993007,0.8251552795031056,0.7933288280219176,1.0942609310150146,2,"[np.int64(1), np.int64(5)]"
3,0.8,0.7749999999999999,0.7911111111111111,0.7549834435270749,1.086000680923462,2,"[np.int64(1), np.int64(5)]"
4,0.6571428571428571,0.6416666666666666,0.653061224489796,0.6324555320336759,1.1097464561462402,2,"[np.int64(1), np.int64(5)]"
5,0.6571428571428571,0.6398026315789473,0.640959040959041,0.6069769786668839,1.0550003051757812,2,"[np.int64(1), np.int64(5)]"
6,0.7428571428571429,0.6699999999999999,0.738611233967271,0.648074069840786,1.0840001106262207,2,"[np.int64(1), np.int64(5)]"
7,0.7428571428571429,0.775,0.7352002835873804,0.7416198487095663,1.0897388458251953,2,"[np.int64(1), np.int64(5)]"
8,0.9428571428571428,0.9333333333333333,0.9421768707482993,0.9309493362512627,1.059999942779541,2,"[np.int64(1), np.int64(5)]"
9,0.8,0.6799999999999999,0.7757575757575756,0.6196773353931867,1.091623067855835,2,"[np.int64(1), np.int64(5)]"
10,0.8571428571428571,0.8214285714285714,0.849213691026827,0.8017837257372732,1.0646002292633057,2,"[np.int64(1), np.int64(5)]"
