fold,accuracy,auc,f1_score,g_mean,train_time,num_features,selected_features
1,0.6944444444444444,0.725,0.7441860465116279,0.6708203932499369,1.5229270458221436,8,"[1, 3, 4, 5, 7, 8, 11, 33]"
2,0.8,0.7622377622377623,0.851063829787234,0.7479575920067658,1.4840381145477295,8,"[1, 3, 5, 7, 8, 9, 20, 31]"
3,0.7428571428571429,0.7166666666666666,0.8,0.6928203230275509,1.488020420074463,8,"[1, 3, 5, 7, 9, 14, 31, 33]"
4,0.6,0.575,0.6818181818181818,0.5477225575051662,1.486048698425293,8,"[1, 3, 5, 6, 7, 8, 18, 31]"
5,0.6857142857142857,0.6661184210526316,0.7555555555555555,0.6256575488404601,1.4919798374176025,8,"[1, 3, 4, 5, 7, 9, 14, 33]"
6,0.7428571428571429,0.7000000000000001,0.8163265306122449,0.6928203230275509,1.517939567565918,8,"[1, 3, 5, 7, 14, 16, 18, 33]"
7,0.7142857142857143,0.7416666666666667,0.7368421052631579,0.7164728420068226,1.4860053062438965,8,"[1, 3, 5, 7, 8, 12, 18, 33]"
8,0.9142857142857143,0.9,0.9302325581395349,0.8944271909999159,1.487022876739502,8,"[1, 3, 5, 6, 7, 8, 18, 33]"
9,0.8571428571428571,0.8099999999999999,0.9019607843137255,0.8024961059095552,1.4880201816558838,8,"[1, 4, 5, 6, 7, 9, 14, 31]"
10,0.8,0.7619047619047619,0.851063829787234,0.7377111135633174,1.480041265487671,8,"[1, 3, 5, 7, 8, 14, 16, 33]"
